{
    "matplotlib": {
        "time_taken_seconds": [
            0.0504298210144043,
            0.047190189361572266,
            0.054929256439208984,
            0.04016375541687012,
            0.04693937301635742,
            0.048935890197753906,
            0.2339496612548828,
            0.04829216003417969,
            0.0531313419342041,
            0.044556617736816406
        ],
        "time_taken_mean_seconds": 0.066851806640625,
        "time_taken_std_seconds": 0.05583871887951229,
        "memory_used_kb": [
            400.5751953125,
            398.1435546875,
            398.7705078125,
            406.25390625,
            414.9814453125,
            413.73046875,
            427.9287109375,
            418.5654296875,
            415.798828125,
            416.005859375
        ],
        "memory_used_mean_kb": 411.075390625,
        "memory_used_std_kb": 9.280115907783795,
        "peak_memory_used_kb": [
            411.0859375,
            408.3232421875,
            408.705078125,
            416.408203125,
            425.2958984375,
            424.10546875,
            438.1220703125,
            428.8505859375,
            426.2109375,
            426.0478515625
        ],
        "peak_memory_used_mean_kb": 421.31552734375,
        "peak_memory_used_std_kb": 9.30469396172979,
        "data_points_count": 10
    },
    "plotly": {
        "time_taken_seconds": [
            0.127532958984375,
            0.13657617568969727,
            0.13884687423706055,
            0.12083721160888672,
            0.14550995826721191,
            0.1428532600402832,
            0.12448692321777344,
            0.12212610244750977,
            0.11980366706848145,
            0.11609292030334473
        ],
        "time_taken_mean_seconds": 0.1294666051864624,
        "time_taken_std_seconds": 0.010021180574150251,
        "memory_used_kb": [
            231.322265625,
            231.615234375,
            219.1318359375,
            228.703125,
            228.451171875,
            213.9599609375,
            228.6083984375,
            228.453125,
            213.9599609375,
            228.560546875
        ],
        "memory_used_mean_kb": 225.2765625,
        "memory_used_std_kb": 6.514703388854398,
        "peak_memory_used_kb": [
            31463.888671875,
            31464.119140625,
            31451.6357421875,
            31461.20703125,
            31460.955078125,
            31446.4638671875,
            31461.1123046875,
            31460.95703125,
            31446.4638671875,
            31461.064453125
        ],
        "peak_memory_used_mean_kb": 31457.78671875,
        "peak_memory_used_std_kb": 6.52052782344447,
        "data_points_count": 10
    },
    "seaborn": {
        "time_taken_seconds": [
            0.1447744369506836,
            0.14521265029907227,
            0.15451669692993164,
            0.13438725471496582,
            0.15319299697875977,
            0.17019081115722656,
            0.16964292526245117,
            0.19176936149597168,
            0.15224027633666992,
            0.15599584579467773
        ],
        "time_taken_mean_seconds": 0.15719232559204102,
        "time_taken_std_seconds": 0.015448123772850342,
        "memory_used_kb": [
            892.3173828125,
            901.248046875,
            898.37109375,
            898.759765625,
            898.4326171875,
            896.0458984375,
            898.7490234375,
            897.4775390625,
            897.9287109375,
            901.5947265625
        ],
        "memory_used_mean_kb": 898.09248046875,
        "memory_used_std_kb": 2.474635081891559,
        "peak_memory_used_kb": [
            897.1337890625,
            905.310546875,
            901.806640625,
            902.6376953125,
            902.173828125,
            899.8740234375,
            902.6328125,
            901.5087890625,
            902.10546875,
            905.7060546875
        ],
        "peak_memory_used_mean_kb": 902.08896484375,
        "peak_memory_used_std_kb": 2.3225486568778413,
        "data_points_count": 10
    }
}